Returned,Order ID
Yes,CA-2017-153822
Yes,CA-2017-129707
Yes,CA-2014-152345
Yes,CA-2015-156440
Yes,US-2017-155999
Yes,CA-2014-157924
Yes,CA-2017-131807
Yes,CA-2016-124527
Yes,CA-2017-135692
Yes,CA-2014-123225
Yes,CA-2017-145772
Yes,US-2014-105137
Yes,CA-2017-101805
Yes,CA-2016-111682
Yes,CA-2017-131492
Yes,CA-2015-104129
Yes,CA-2017-117926
Yes,US-2016-115952
Yes,CA-2015-155761
Yes,CA-2017-100111
Yes,CA-2014-156349
Yes,CA-2016-118899
Yes,CA-2017-108294
Yes,US-2017-123834
Yes,CA-2015-168480
Yes,CA-2017-122007
Yes,CA-2017-128965
Yes,CA-2015-169397
Yes,CA-2015-168564
Yes,CA-2014-102652
Yes,CA-2016-112340
Yes,CA-2016-114727
Yes,US-2016-151827
Yes,CA-2016-152814
Yes,US-2016-114230
Yes,CA-2015-146486
Yes,CA-2015-116092
Yes,CA-2017-118542
Yes,CA-2015-140984
Yes,CA-2017-127306
Yes,CA-2017-119284
Yes,CA-2017-150609
Yes,CA-2017-136651
Yes,CA-2017-136539
Yes,CA-2014-110786
Yes,CA-2014-126403
Yes,CA-2016-157280
Yes,CA-2016-162138
Yes,CA-2016-114307
Yes,CA-2014-123498
Yes,CA-2016-142398
Yes,CA-2017-161956
Yes,CA-2017-134194
Yes,CA-2015-134075
Yes,US-2016-156986
Yes,US-2016-105578
Yes,US-2016-131149
Yes,US-2017-147886
Yes,CA-2014-126361
Yes,CA-2017-141929
Yes,CA-2016-145583
Yes,CA-2015-154970
Yes,CA-2016-167759
Yes,CA-2017-109085
Yes,CA-2014-142769
Yes,US-2017-107888
Yes,CA-2014-109918
Yes,CA-2017-131618
Yes,US-2017-109253
Yes,CA-2017-130631
Yes,US-2017-118087
Yes,CA-2016-126732
Yes,US-2016-144057
Yes,CA-2016-168921
Yes,CA-2016-109806
Yes,CA-2014-104829
Yes,CA-2016-147375
Yes,CA-2014-134726
Yes,CA-2017-117513
Yes,US-2014-138758
Yes,CA-2014-126522
Yes,CA-2017-115994
Yes,CA-2016-138282
Yes,CA-2017-161459
Yes,CA-2016-136483
Yes,CA-2016-116547
Yes,CA-2015-130785
Yes,CA-2017-165008
Yes,US-2015-137008
Yes,CA-2017-169894
Yes,CA-2014-105270
Yes,CA-2016-165330
Yes,CA-2014-111871
Yes,CA-2015-157812
Yes,CA-2016-145982
Yes,CA-2017-166142
Yes,CA-2014-127131
Yes,CA-2017-143084
Yes,CA-2015-151547
Yes,CA-2015-138674
Yes,CA-2014-169019
Yes,CA-2014-100762
Yes,US-2014-164406
Yes,CA-2016-118500
Yes,CA-2015-143490
Yes,CA-2017-115427
Yes,CA-2015-124058
Yes,CA-2017-132346
Yes,CA-2016-150077
Yes,CA-2017-124401
Yes,CA-2017-137414
Yes,CA-2017-142867
Yes,CA-2017-157196
Yes,CA-2015-149342
Yes,CA-2016-112123
Yes,US-2017-147998
Yes,CA-2015-103716
Yes,CA-2015-144267
Yes,CA-2016-109869
Yes,CA-2017-166898
Yes,CA-2017-169327
Yes,CA-2017-169859
Yes,CA-2017-137085
Yes,CA-2017-154074
Yes,CA-2016-130477
Yes,CA-2016-134775
Yes,US-2017-105046
Yes,CA-2016-136924
Yes,CA-2017-166093
Yes,CA-2016-106950
Yes,CA-2017-145128
Yes,US-2016-114293
Yes,CA-2017-137099
Yes,CA-2016-133319
Yes,CA-2014-103744
Yes,CA-2015-161627
Yes,CA-2015-142601
Yes,CA-2015-112144
Yes,CA-2014-164861
Yes,US-2015-128090
Yes,CA-2014-108609
Yes,CA-2017-147452
Yes,CA-2015-123568
Yes,CA-2017-102519
Yes,CA-2017-121853
Yes,CA-2015-132374
Yes,US-2014-150574
Yes,CA-2014-148614
Yes,CA-2017-165491
Yes,CA-2016-133802
Yes,CA-2017-112865
Yes,CA-2016-130680
Yes,CA-2015-114048
Yes,CA-2017-108931
Yes,CA-2017-136308
Yes,CA-2016-126529
Yes,CA-2014-135699
Yes,CA-2015-146255
Yes,CA-2017-140053
Yes,CA-2014-143336
Yes,CA-2017-159954
Yes,CA-2016-105291
Yes,CA-2017-158729
Yes,CA-2017-101273
Yes,CA-2017-123085
Yes,CA-2017-131828
Yes,CA-2017-113670
Yes,CA-2015-135580
Yes,US-2016-157490
Yes,CA-2017-142888
Yes,CA-2014-153150
Yes,US-2016-152051
Yes,CA-2014-103940
Yes,CA-2016-159345
Yes,CA-2017-162015
Yes,CA-2015-148873
Yes,CA-2017-167395
Yes,US-2016-127425
Yes,CA-2017-142342
Yes,CA-2016-159212
Yes,CA-2016-116736
Yes,CA-2016-128671
Yes,CA-2017-112753
Yes,US-2016-148957
Yes,CA-2015-110814
Yes,CA-2014-164721
Yes,US-2015-136987
Yes,CA-2016-151372
Yes,US-2017-151127
Yes,US-2015-110569
Yes,CA-2015-153220
Yes,CA-2017-117212
Yes,CA-2017-101574
Yes,CA-2016-151323
Yes,CA-2014-166744
Yes,US-2016-119046
Yes,CA-2015-105158
Yes,CA-2017-103380
Yes,CA-2016-161746
Yes,CA-2015-111948
Yes,CA-2017-138163
Yes,CA-2015-134201
Yes,US-2015-126214
Yes,CA-2014-140816
Yes,CA-2014-133690
Yes,CA-2016-120873
Yes,US-2017-103247
Yes,CA-2017-155712
Yes,US-2016-108455
Yes,CA-2016-104689
Yes,CA-2017-152660
Yes,US-2015-136749
Yes,CA-2015-143602
Yes,CA-2016-134803
Yes,CA-2016-139269
Yes,CA-2014-123253
Yes,CA-2016-162159
Yes,US-2016-135720
Yes,CA-2014-159338
Yes,US-2017-136679
Yes,CA-2015-113628
Yes,CA-2017-107825
Yes,CA-2014-160766
Yes,CA-2016-118311
Yes,CA-2015-130456
Yes,CA-2014-148950
Yes,CA-2015-119214
Yes,CA-2015-119907
Yes,CA-2017-137428
Yes,CA-2014-108861
Yes,CA-2016-130638
Yes,CA-2015-143238
Yes,CA-2015-109736
Yes,CA-2014-124688
Yes,CA-2016-133368
Yes,CA-2017-168193
Yes,CA-2014-135657
Yes,CA-2016-105081
Yes,CA-2017-154214
Yes,CA-2015-107678
Yes,CA-2017-144064
Yes,CA-2017-101700
Yes,CA-2016-113341
Yes,CA-2015-139731
Yes,CA-2015-132941
Yes,CA-2015-146262
Yes,CA-2016-115917
Yes,US-2016-111528
Yes,CA-2017-142328
Yes,CA-2015-141593
Yes,CA-2017-121258
Yes,CA-2014-141726
Yes,CA-2017-167003
Yes,US-2015-160857
Yes,CA-2016-145261
Yes,CA-2017-112725
Yes,CA-2016-145919
Yes,CA-2017-140151
Yes,CA-2015-164882
Yes,CA-2017-123491
Yes,CA-2014-127012
Yes,CA-2016-123526
Yes,CA-2017-161557
Yes,CA-2015-150875
Yes,CA-2015-150770
Yes,US-2014-140452
Yes,CA-2015-149650
Yes,CA-2014-100867
Yes,CA-2017-140186
Yes,CA-2017-156391
Yes,CA-2015-157770
Yes,CA-2017-140963
Yes,CA-2017-154949
Yes,CA-2016-166275
Yes,US-2014-143287
Yes,CA-2014-151162
Yes,US-2017-103828
Yes,CA-2014-143840
Yes,CA-2014-160773
Yes,CA-2017-111556
Yes,CA-2017-140585
Yes,CA-2014-103373
Yes,CA-2016-159023
Yes,CA-2016-145492
Yes,CA-2017-118122
Yes,CA-2014-116785
Yes,US-2014-164763
Yes,CA-2017-122504
Yes,CA-2017-150910
Yes,CA-2015-162166
Yes,US-2016-140172
Yes,CA-2015-101910
Yes,CA-2017-156958
Yes,CA-2016-105585
Yes,CA-2016-148796
Yes,CA-2015-149636
